{
	"dummyPosts": [
		{
			"title": "Hello!",
			"content": "It is very important for us to keep in touch with you, so we are always ready to answer any question that interests you.",
			"date": "2023-12-14T16:05:57.864Z",
			"username": "David Kim",
			"enableUpdate": false
		},
		{
			"title": "I have a question.",
			"content": "Our help center can instantly give you answers to many frequently asked qustions.",
			"date": "2023-12-14T16:05:57.864Z",
			"username": "Julia Lee",
			"enableUpdate": false
		},
		{
			"title": "How are you?",
			"content": "Here are some common questions about our company.",
			"date": "2023-12-13T16:05:57.864Z",
			"username": "Emily Cho",
			"enableUpdate": false
		},
		{
			"title": "Inquiry about Website.",
			"content": "Our help center can instantly give you answers to many frequently asked qustions.",
			"date": "2023-12-13T16:05:57.864Z",
			"username": "Michael Jeong",
			"enableUpdate": false
		},
		{
			"title": "Inquiry about Website.",
			"content": "Here are some common questions about our company.",
			"date": "2023-12-12T16:05:57.864Z",
			"username": "Emma Park",
			"enableUpdate": false
		},
		{
			"title": "Inquiry about Website.",
			"content": "Our help center can instantly give you answers to many frequently asked qustions.",
			"date": "2023-12-11T16:05:57.864Z",
			"username": "Peter Kim",
			"enableUpdate": false
		},
		{
			"title": "Inquiry about Website.",
			"content": "Here are some common questions about our company.",
			"date": "2023-12-11T16:05:57.864Z",
			"username": "Alice Lee",
			"enableUpdate": false
		},
		{
			"title": "Inquiry about Website.",
			"content": "Our help center can instantly give you answers to many frequently asked qustions.",
			"date": "2023-12-09T16:05:57.864Z",
			"username": "Kate Park",
			"enableUpdate": false
		},
		{
			"title": "Inquiry about Website.",
			"content": "Here are some common questions about our company.",
			"date": "2023-12-09T16:05:57.864Z",
			"username": "Bliss Hong",
			"enableUpdate": false
		},
		{
			"title": "Inquiry about Website.",
			"content": "Our help center can instantly give you answers to many frequently asked qustions.",
			"date": "2023-12-07T16:05:57.864Z",
			"username": "Tom Kim",
			"enableUpdate": false
		},
		{
			"title": "Inquiry about Website.",
			"content": "Here are some common questions about our company.",
			"date": "2023-12-06T16:05:57.864Z",
			"username": "Sunny Lee",
			"enableUpdate": false
		},
		{
			"title": "Inquiry about Website.",
			"content": "Our help center can instantly give you answers to many frequently asked qustions.",
			"date": "2023-12-05T16:05:57.864Z",
			"username": "Olivia Jeong",
			"enableUpdate": false
		},
		{
			"title": "Inquiry about Website.",
			"content": "Here are some common questions about our company.",
			"date": "2023-12-03T16:05:57.864Z",
			"username": "Lookas Kim",
			"enableUpdate": false
		}
	]
}
